,accuracy,precision_pos,recall_pos,f1_pos
baseline,0.8516736615825571,0.7443365695792881,0.5859872611464968,0.6557377049180327
debiased_reweigh_race,0.8494216398812571,0.7404787812840044,0.5779193205944798,0.6491772000953971
