,accuracy,precision,recall,f1
Amer-Indian-Eskimo,0.9270833333333334,0.6,0.375,0.46153846153846156
Asian-Pac-Islander,0.8333333333333334,0.7037037037037037,0.6627906976744186,0.6826347305389222
Black,0.9043112513144059,0.7027027027027027,0.4297520661157025,0.5333333333333333
Other,0.8805970149253731,0.5,0.25,0.3333333333333333
White,0.8452680820439007,0.749112426035503,0.5938086303939962,0.6624803767660911
