,accuracy,precision,recall,f1
Female,0.928240024744819,0.7854077253218884,0.5013698630136987,0.6120401337792643
Male,0.8138004895960832,0.7384330660086367,0.6015075376884422,0.6629742453613957
