,accuracy,precision,recall,f1
Female,0.9189607175997525,0.6290726817042607,0.6876712328767123,0.6570680628272252
Male,0.8089045287637698,0.7817490494296578,0.5165829145728643,0.6220877458396369
