g,mean,median,count
Female,-1.9665578833639066,-2.275007191795818,3233
Male,0.22172167905260204,0.2501222104498513,6536
